S.No.,Property type,No_of_Beds,Bathroom
1,condo,1.00,1.00
2,condo,1.00,1.00
3,condo,1.00,1.00
4,condo,2.00,2.00
5,condo,1.00,1.00
6,condo,1.00,1.50
7,condo,3.00,2.00
8,condo,2.00,1.00
9,condo,1.00,1.00
10,condo,2.00,1.00
11,condo,2.00,2.00
12,condo,2.00,2.00
13,condo,3.00,2.00
14,condo,1.00,1.00
15,condo,3.00,2.00
16,condo,3.00,2.50
17,condo,1.00,1.00
18,condo,2.00,2.00
19,condo,2.00,1.00
20,condo,2.00,2.00
21,condo,1.00,1.00
22,condo,1.00,1.50
23,condo,2.00,1.00
24,condo,1.00,1.00
25,condo,2.00,2.00
26,condo,2.00,1.00
27,condo,1.00,1.00
28,condo,2.00,2.00
29,condo,1.00,1.00
30,condo,2.00,2.00
31,condo,2.00,2.00
32,condo,1.00,1.00
33,condo,2.00,1.00
34,condo,2.00,1.00
35,condo,2.00,2.00
36,condo,4.00,3.50
37,condo,1.00,1.00
38,condo,1.00,1.00
39,condo,3.00,2.50
40,condo,1.00,1.00
41,condo,2.00,1.00
42,condo,2.00,1.50
43,condo,2.00,2.00
44,condo,1.00,1.00
45,condo,1.00,1.00
46,condo,1.00,1.00
47,condo,2.00,2.00
48,condo,1.00,1.00
49,condo,3.00,1.50
50,condo,2.00,2.50
51,condo,3.00,3.50
52,condo,3.00,2.50
53,condo,2.00,2.00
54,condo,3.00,2.00
55,condo,1.00,1.00
56,condo,3.00,3.00
57,condo,1.00,1.00
58,condo,2.00,1.00
59,condo,2.00,2.00
60,condo,2.00,2.00
61,condo,1.00,1.50
62,condo,2.00,2.00
63,condo,1.00,1.00
64,condo,1.00,1.00
65,condo,5.00,3.50
66,condo,3.00,2.00
67,condo,3.00,3.00
68,condo,3.00,2.00
69,condo,1.00,1.00
70,condo,3.00,2.50
71,condo,2.00,2.00
72,condo,2.00,3.50
73,condo,2.00,1.00
74,condo,2.00,2.00
75,condo,1.00,1.00
76,condo,1.00,1.00
77,condo,2.00,2.00
78,condo,2.00,2.00
79,condo,1.00,1.00
80,condo,3.00,2.00
81,condo,1.00,1.00
82,condo,3.00,2.50
83,condo,2.00,1.00
84,condo,3.00,2.00
85,condo,2.00,1.50
86,condo,1.00,1.00
87,condo,3.00,2.50
88,condo,3.00,2.00
89,condo,4.00,3.00
90,condo,3.00,1.00
91,condo,4.00,2.50
92,condo,1.00,1.00
93,condo,1.00,1.00
94,condo,2.00,2.00
95,condo,1.00,1.00
96,condo,2.00,1.00
97,condo,2.00,1.00
98,condo,0.00,1.00
99,condo,1.00,1.00
100,condo,1.00,1.00
101,condo,2.00,2.00
102,condo,4.00,3.00
103,condo,2.00,1.00
104,condo,4.00,3.00
105,condo,3.00,3.50
106,condo,2.00,2.00
107,condo,1.00,1.00
108,condo,1.00,1.00
109,condo,1.00,1.00
110,condo,1.00,1.00
111,condo,3.00,3.00
112,condo,1.00,1.00
113,condo,2.00,2.00
114,condo,1.00,1.50
115,condo,3.00,2.50
116,condo,3.00,2.50
117,condo,2.00,2.00
118,condo,3.00,2.50
119,condo,3.00,3.50
120,condo,2.00,2.00
121,condo,1.00,1.00
122,condo,4.00,3.00
123,condo,2.00,2.00
124,condo,1.00,1.00
125,condo,1.00,1.00
126,condo,1.00,1.00
127,condo,2.00,2.00
128,condo,3.00,2.00
129,condo,3.00,2.00
130,condo,2.00,2.00
131,condo,3.00,2.50
132,condo,1.00,1.00
133,condo,3.00,2.00
134,condo,3.00,2.00
135,condo,2.00,2.00
136,condo,0.00,1.00
137,condo,2.00,2.00
138,condo,3.00,2.00
139,condo,2.00,2.00
140,condo,2.00,2.00
141,condo,3.00,2.50
142,condo,1.00,1.00
143,condo,2.00,2.00
144,condo,2.00,2.00
145,condo,2.00,2.00
146,condo,1.00,1.00
147,condo,3.00,3.00
148,condo,1.00,1.00
149,condo,3.00,3.00
150,condo,2.00,2.00
151,condo,3.00,2.00
152,condo,2.00,2.00
153,condo,3.00,2.00
154,condo,3.00,3.50
155,condo,2.00,1.00
156,condo,2.00,2.00
157,condo,3.00,4.50
158,condo,2.00,2.00
159,condo,1.00,1.00
160,condo,1.00,1.00
161,condo,2.00,2.00
162,condo,2.00,1.00
163,condo,3.00,3.00
164,condo,2.00,1.00
165,condo,4.00,3.00
166,condo,2.00,2.00
167,condo,3.00,2.00
168,condo,1.00,1.00
169,condo,2.00,2.00
170,condo,2.00,2.00
171,condo,2.00,1.00
172,condo,1.00,1.00
173,condo,3.00,3.00
174,condo,2.00,1.00
175,condo,1.00,1.00
176,condo,2.00,2.00
177,condo,1.00,1.00
178,condo,2.00,2.00
179,condo,1.00,1.00
180,condo,1.00,1.00
181,condo,2.00,2.00
182,condo,2.00,2.00
183,condo,3.00,3.00
184,condo,2.00,1.00
185,condo,2.00,2.00
186,condo,3.00,2.50
187,condo,1.00,1.00
188,condo,2.00,2.00
189,condo,2.00,2.50
190,condo,2.00,2.50
191,condo,3.00,2.00
192,condo,2.00,2.00
193,condo,1.00,1.00
194,condo,2.00,2.00
195,condo,1.00,1.50
196,condo,2.00,2.00
197,condo,2.00,2.00
198,condo,3.00,1.00
199,condo,2.00,2.00
200,condo,2.00,2.00
201,condo,2.00,2.00
202,condo,2.00,2.00
203,condo,1.00,1.00
204,condo,4.00,4.00
205,condo,2.00,2.00
206,condo,2.00,1.00
207,condo,2.00,2.00
208,condo,3.00,2.00
209,condo,3.00,2.00
210,condo,3.00,2.00
211,condo,3.00,2.00
212,condo,3.00,3.00
213,condo,3.00,2.00
214,condo,2.00,2.00
215,condo,3.00,2.50
216,condo,2.00,1.00
217,condo,3.00,2.00
218,condo,3.00,2.50
219,condo,2.00,1.00
220,condo,1.00,1.00
221,condo,2.00,2.00
222,condo,2.00,2.00
223,condo,2.00,2.00
224,condo,2.00,2.00
225,condo,3.00,2.00
226,condo,2.00,1.00
227,condo,2.00,2.00
228,condo,3.00,2.50
229,condo,3.00,2.00
230,condo,2.00,1.00
231,condo,1.00,1.50
232,condo,2.00,2.00
233,condo,3.00,1.00
234,condo,2.00,1.00
235,condo,1.00,1.00
236,condo,2.00,1.00
237,condo,2.00,2.00
238,condo,1.00,1.00
239,condo,0.00,1.00
240,condo,2.00,2.00
241,condo,2.00,2.00
242,condo,2.00,2.00
243,condo,4.00,2.50
244,condo,3.00,2.00
245,condo,2.00,2.00
246,condo,2.00,1.00
247,condo,0.00,1.00
248,condo,3.00,3.50
249,condo,1.00,1.00
250,condo,3.00,2.00
251,condo,2.00,1.00
252,condo,2.00,1.00
253,condo,3.00,2.00
254,condo,2.00,2.00
255,condo,2.00,2.00
256,condo,2.00,1.00
257,condo,1.00,1.00
258,condo,2.00,2.00
259,condo,3.00,2.50
260,condo,1.00,1.00
261,condo,2.00,2.00
262,condo,2.00,2.00
263,condo,2.00,1.00
264,condo,1.00,1.00
265,condo,3.00,1.00
266,condo,3.00,3.50
267,condo,2.00,2.00
268,condo,2.00,1.00
269,condo,3.00,2.00
270,condo,2.00,2.00
271,condo,1.00,1.00
272,condo,1.00,1.00
273,condo,3.00,3.50
274,condo,2.00,2.50
275,condo,3.00,2.00
276,condo,0.00,1.00
277,condo,2.00,2.00
278,condo,4.00,2.50
279,condo,1.00,1.00
280,condo,1.00,1.50
281,condo,2.00,1.50
282,condo,1.00,1.00
283,condo,2.00,2.00
284,condo,4.00,3.00
285,condo,2.00,2.00
286,condo,1.00,1.00
287,condo,2.00,1.00
288,condo,2.00,2.00
289,condo,3.00,3.00
290,condo,3.00,2.00
291,condo,2.00,2.00
292,condo,4.00,2.50
293,condo,3.00,2.50
294,condo,2.00,1.00
295,condo,2.00,2.00
296,condo,3.00,2.50
297,condo,0.00,1.00
298,condo,2.00,2.00
299,condo,1.00,1.00
300,condo,3.00,2.00
301,condo,1.00,1.00
302,condo,2.00,1.00
303,condo,1.00,1.00
304,condo,3.00,2.50
305,condo,4.00,2.50
306,condo,2.00,2.00
307,condo,3.00,2.00
308,condo,3.00,2.00
309,condo,2.00,1.50
310,condo,2.00,2.00
311,condo,1.00,1.00
312,condo,2.00,1.00
313,condo,3.00,2.00
314,condo,3.00,2.00
315,condo,2.00,2.00
316,condo,3.00,2.50
317,condo,2.00,2.00
318,condo,1.00,1.00
319,condo,2.00,2.00
320,condo,3.00,3.00
321,house,4.00,2.50
322,house,4.00,3.50
323,house,4.00,2.00
324,house,3.00,1.50
325,house,0.00,1.00
326,house,4.00,2.00
327,house,3.00,2.00
328,house,3.00,1.00
329,house,3.00,2.00
330,house,3.00,1.50
331,house,6.00,2.50
332,house,4.00,1.50
333,house,2.00,2.50
334,house,3.00,2.50
335,house,6.00,2.00
336,house,3.00,1.50
337,house,3.00,1.50
338,house,3.00,1.00
339,house,3.00,3.00
340,house,5.00,2.50
341,house,3.00,1.50
342,house,5.00,3.50
343,house,4.00,3.00
344,house,4.00,2.50
345,house,4.00,3.00
346,house,3.00,1.00
347,house,5.00,4.50
348,house,3.00,3.50
349,house,2.00,1.50
350,house,5.00,3.50
351,house,2.00,1.50
352,house,4.00,1.50
353,house,3.00,4.50
354,house,6.00,2.50
355,house,5.00,3.50
356,house,3.00,2.00
357,house,3.00,2.50
358,house,8.00,4.00
359,house,3.00,2.50
360,house,4.00,4.00
361,house,4.00,2.50
362,house,7.00,1.50
363,house,3.00,2.50
364,house,3.00,2.50
365,house,3.00,2.50
366,house,6.00,4.50
367,house,3.00,2.50
368,house,3.00,2.50
369,house,3.00,1.00
370,house,4.00,2.00
371,house,4.00,4.00
372,house,3.00,1.50
373,house,4.00,3.50
374,house,6.00,6.50
375,house,3.00,1.50
376,house,4.00,2.50
377,house,2.00,1.00
378,house,3.00,2.50
379,house,3.00,2.50
380,house,4.00,4.50
381,house,4.00,3.00
382,house,2.00,2.00
383,house,4.00,2.00
384,house,3.00,2.50
385,house,4.00,4.50
386,house,4.00,4.50
387,house,4.00,3.00
388,house,4.00,1.00
389,house,4.00,2.50
390,house,4.00,3.50
391,house,5.00,2.50
392,house,4.00,2.50
393,house,4.00,2.50
394,house,3.00,2.50
395,house,6.00,2.00
396,house,2.00,1.50
397,house,3.00,2.50
398,house,6.00,2.50
399,house,6.00,6.50
400,house,5.00,2.50
401,house,6.00,2.00
402,house,4.00,3.50
403,house,4.00,5.50
404,house,4.00,2.00
405,house,6.00,4.00
406,house,5.00,2.00
407,house,3.00,2.50
408,house,5.00,6.00
409,house,5.00,3.50
410,house,6.00,8.50
411,house,4.00,2.50
412,house,8.00,3.00
413,house,5.00,3.50
414,house,5.00,2.50
415,house,4.00,1.50
416,house,4.00,3.50
417,house,4.00,4.50
418,house,4.00,3.50
419,house,2.00,2.50
420,house,5.00,6.50
421,house,4.00,2.00
422,house,2.00,1.00
423,house,5.00,6.50
424,house,4.00,3.50
425,house,4.00,2.00
426,house,5.00,2.50
427,house,6.00,1.50
428,house,4.00,3.50
429,house,5.00,2.50
430,house,4.00,3.50
431,house,5.00,5.00
432,house,4.00,3.50
433,house,3.00,3.00
434,house,3.00,1.00
435,house,5.00,4.00
436,house,6.00,5.00
437,house,4.00,2.50
438,house,5.00,3.50
439,house,4.00,5.50
440,house,5.00,3.00
441,condo,2.00,2.00
442,condo,2.00,2.00
443,condo,2.00,2.50
444,condo,2.00,1.00
445,condo,3.00,2.00
446,condo,2.00,2.00
447,condo,1.00,1.00
448,condo,1.00,1.00
449,condo,1.00,1.00
450,condo,2.00,1.50
451,condo,1.00,1.50
452,condo,1.00,1.00
453,condo,1.00,1.00
454,condo,1.00,1.00
455,condo,2.00,2.50
456,condo,3.00,3.50
457,condo,1.00,1.00
458,condo,2.00,2.00
459,condo,3.00,3.00
460,condo,3.00,3.00
461,condo,2.00,2.50
462,condo,2.00,2.50
463,condo,2.00,1.50
464,condo,2.00,2.00
465,condo,2.00,2.00
466,condo,2.00,2.50
467,condo,2.00,2.00
468,condo,2.00,2.50
469,condo,1.00,1.00
470,condo,2.00,1.50
471,condo,1.00,2.00
472,condo,3.00,2.50
473,condo,1.00,1.00
474,condo,1.00,1.00
475,condo,2.00,2.00
476,condo,2.00,2.50
477,condo,2.00,2.50
478,condo,2.00,2.00
479,condo,2.00,1.00
480,condo,1.00,1.00
481,condo,1.00,1.00
482,condo,2.00,2.00
483,condo,3.00,1.50
484,condo,2.00,1.00
485,condo,1.00,1.50
486,condo,2.00,2.00
487,condo,2.00,2.50
488,condo,2.00,2.00
489,condo,1.00,1.00
490,condo,1.00,1.00
491,condo,3.00,3.50
492,condo,2.00,2.00
493,condo,2.00,1.00
494,condo,2.00,2.00
495,condo,2.00,1.50
496,condo,1.00,1.00
497,condo,2.00,2.00
498,condo,3.00,3.50
499,condo,2.00,2.50
500,condo,2.00,2.50
501,condo,1.00,1.00
502,condo,1.00,1.00
503,condo,2.00,2.00
504,condo,2.00,2.00
505,condo,1.00,1.00
506,condo,2.00,2.00
507,condo,0.00,1.00
508,condo,1.00,1.00
509,condo,2.00,2.00
510,condo,1.00,1.00
511,condo,2.00,2.50
512,condo,2.00,2.00
513,condo,2.00,2.00
514,condo,2.00,2.00
515,condo,2.00,2.00
516,condo,2.00,2.00
517,condo,2.00,2.50
518,condo,2.00,2.00
519,condo,1.00,1.00
520,condo,1.00,1.00
521,condo,1.00,1.00
522,condo,2.00,2.00
523,condo,1.00,1.00
524,condo,2.00,2.00
525,condo,1.00,1.00
526,condo,2.00,2.00
527,condo,2.00,2.50
528,condo,1.00,1.00
529,condo,2.00,2.50
530,condo,1.00,1.00
531,condo,1.00,1.00
532,condo,1.00,1.00
533,condo,1.00,2.00
534,condo,2.00,2.50
535,condo,2.00,2.00
536,condo,2.00,2.00
537,condo,1.00,1.00
538,condo,1.00,1.00
539,condo,1.00,1.00
540,condo,3.00,3.50
541,condo,1.00,1.00
542,condo,2.00,2.00
543,condo,2.00,2.00
544,condo,1.00,1.00
545,condo,2.00,2.00
546,condo,2.00,1.50
547,condo,2.00,2.00
548,condo,2.00,2.50
549,condo,1.00,1.00
550,condo,2.00,1.00
551,condo,1.00,1.00
552,condo,1.00,1.00
553,condo,3.00,2.50
554,condo,2.00,2.00
555,condo,3.00,3.50
556,condo,2.00,2.00
557,condo,3.00,3.50
558,condo,2.00,2.00
559,condo,1.00,1.00
560,condo,2.00,2.50
561,condo,2.00,2.50
562,condo,18.00,21.00
563,condo,2.00,2.50
564,condo,2.00,2.00
565,condo,3.00,3.00
566,condo,2.00,2.00
567,condo,3.00,2.50
568,condo,2.00,2.50
569,condo,2.00,2.00
570,condo,2.00,1.00
571,condo,2.00,2.00
572,condo,2.00,2.00
573,condo,1.00,1.00
574,condo,2.00,2.00
575,condo,2.00,2.50
576,condo,3.00,3.50
577,condo,2.00,2.00
578,condo,1.00,1.00
579,condo,1.00,1.00
580,condo,2.00,2.50
581,condo,1.00,1.00
582,condo,2.00,2.50
583,condo,2.00,1.50
584,condo,2.00,2.00
585,condo,3.00,3.50
586,condo,3.00,3.50
587,condo,1.00,1.00
588,condo,2.00,2.50
589,condo,2.00,2.00
590,condo,2.00,2.50
591,condo,1.00,1.50
592,condo,1.00,1.50
593,condo,2.00,2.50
594,condo,2.00,1.00
595,condo,3.00,3.50
596,condo,3.00,3.50
597,condo,2.00,2.50
598,condo,2.00,1.00
599,condo,2.00,2.00
600,condo,2.00,2.00
601,condo,1.00,1.00
602,condo,2.00,2.50
603,condo,3.00,4.50
604,condo,2.00,2.00
605,condo,2.00,2.50
606,condo,1.00,1.00
607,condo,2.00,2.00
608,condo,2.00,2.00
609,condo,2.00,2.00
610,condo,0.00,1.00
611,condo,2.00,1.00
612,condo,2.00,2.00
613,condo,1.00,1.50
614,condo,2.00,2.50
615,condo,2.00,2.50
616,condo,2.00,2.00
617,condo,2.00,2.50
618,condo,2.00,2.00
619,condo,5.00,3.00
620,condo,2.00,1.50
621,condo,2.00,2.00
622,condo,3.00,3.50
623,condo,1.00,1.00
624,condo,2.00,2.00
625,condo,2.00,1.00
626,condo,1.00,1.00
627,condo,2.00,2.50
628,condo,1.00,1.50
629,condo,2.00,2.50
630,condo,2.00,2.00
631,condo,2.00,2.50
632,condo,2.00,2.00
633,condo,2.00,2.50
634,condo,2.00,2.50
635,condo,2.00,2.00
636,condo,2.00,2.00
637,condo,3.00,2.00
638,condo,1.00,1.00
639,condo,2.00,2.00
640,condo,2.00,2.00
641,condo,3.00,3.50
642,condo,2.00,2.00
643,condo,2.00,2.00
644,condo,2.00,2.00
645,condo,2.00,1.50
646,condo,1.00,1.50
647,condo,1.00,1.50
648,condo,2.00,2.00
649,condo,1.00,1.00
650,condo,2.00,1.50
651,condo,2.00,2.50
652,condo,2.00,2.00
653,condo,2.00,1.00
654,condo,2.00,1.00
655,condo,2.00,1.00
656,condo,1.00,1.00
657,condo,3.00,3.50
658,condo,2.00,2.00
659,condo,2.00,1.00
660,condo,2.00,2.00
661,condo,2.00,2.50
662,condo,42.00,3.50
663,condo,2.00,2.00
664,condo,2.00,2.50
665,condo,2.00,2.50
666,condo,2.00,2.50
667,condo,2.00,2.50
668,condo,3.00,2.00
669,condo,2.00,2.00
670,condo,4.00,3.50
671,condo,1.00,1.50
672,condo,2.00,2.50
673,condo,2.00,2.50
674,condo,2.00,2.50
675,condo,2.00,2.50
676,condo,2.00,2.00
677,condo,1.00,1.00
678,condo,2.00,2.00
679,condo,2.00,2.50
680,condo,2.00,1.50
681,condo,1.00,1.00
682,condo,2.00,2.50
683,condo,1.00,1.00
684,condo,1.00,1.50
685,condo,2.00,2.50
686,condo,1.00,1.00
687,condo,2.00,2.00
688,condo,2.00,2.00
689,condo,2.00,2.50
690,condo,1.00,1.00
691,condo,1.00,1.00
692,condo,1.00,1.00
693,condo,1.00,1.00
694,condo,1.00,1.00
695,condo,1.00,1.00
696,condo,2.00,4.00
697,condo,1.00,1.00
698,condo,2.00,4.50
699,condo,2.00,2.50
700,condo,2.00,1.50
701,condo,1.00,1.50
702,condo,2.00,2.50
703,condo,2.00,2.50
704,condo,1.00,1.00
705,condo,1.00,1.50
706,condo,1.00,1.00
707,condo,2.00,1.00
708,condo,2.00,2.00
709,condo,2.00,2.50
710,condo,1.00,1.00
711,condo,2.00,2.50
712,condo,2.00,2.00
713,condo,2.00,2.00
714,condo,1.00,1.50
715,condo,2.00,2.00
716,condo,1.00,1.00
717,condo,2.00,2.50
718,condo,2.00,2.00
719,condo,3.00,3.50
720,condo,1.00,1.00
721,house,4.00,3.50
722,house,3.00,2.00
723,house,5.00,4.00
724,house,4.00,2.50
725,house,4.00,2.00
726,house,4.00,4.50
727,house,4.00,2.50
728,house,4.00,2.50
729,house,3.00,2.50
730,house,4.00,2.50
731,house,4.00,3.50
732,house,4.00,2.50
733,house,3.00,2.00
734,house,4.00,2.50
735,house,3.00,2.00
736,house,4.00,2.00
737,house,4.00,2.50
738,house,6.00,3.50
739,house,3.00,3.00
740,house,4.00,2.00
741,house,4.00,2.50
742,house,4.00,2.50
743,house,3.00,2.00
744,house,4.00,3.50
745,house,3.00,2.50
746,house,2.00,1.00
747,house,4.00,3.00
748,house,4.00,3.50
749,house,4.00,2.00
750,house,0.00,1.00
751,house,4.00,4.00
752,house,6.00,3.00
753,house,3.00,2.00
754,house,3.00,2.00
755,house,3.00,2.50
756,house,3.00,2.00
757,house,3.00,2.50
758,house,4.00,3.50
759,house,4.00,2.00
760,house,3.00,2.00
761,house,3.00,2.50
762,house,3.00,2.50
763,house,4.00,2.00
764,house,3.00,3.50
765,house,3.00,3.50
766,house,3.00,2.50
767,house,3.00,2.00
768,house,4.00,3.50
769,house,5.00,4.00
770,house,3.00,2.00
771,house,3.00,3.50
772,house,4.00,2.50
773,house,3.00,2.50
774,house,3.00,1.00
775,house,4.00,2.00
776,house,4.00,4.50
777,house,3.00,2.00
778,house,3.00,1.50
779,house,5.00,3.50
780,house,4.00,3.50
781,house,3.00,2.50
782,house,4.00,2.50
783,house,3.00,2.00
784,house,5.00,6.50
785,house,4.00,2.50
786,house,4.00,2.50
787,house,5.00,3.50
788,house,3.00,2.50
789,house,4.00,2.50
790,house,4.00,2.50
791,house,3.00,2.00
792,house,5.00,4.50
793,house,3.00,2.00
794,house,3.00,4.00
795,house,4.00,3.50
796,house,3.00,2.00
797,house,2.00,1.00
798,house,4.00,2.50
799,house,3.00,2.00
800,house,5.00,6.00
801,house,4.00,2.50
802,house,3.00,3.50
803,house,5.00,3.00
804,house,3.00,2.50
805,house,3.00,2.50
806,house,3.00,2.50
807,house,4.00,2.00
808,house,3.00,2.00
809,house,4.00,3.50
810,house,4.00,3.50
811,house,4.00,2.50
812,house,3.00,2.00
813,house,4.00,2.50
814,house,4.00,4.50
815,house,3.00,2.00
816,house,3.00,2.00
817,house,2.00,2.00
818,house,5.00,3.00
819,house,3.00,2.50
820,house,4.00,2.50
821,house,3.00,2.50
822,house,3.00,1.00
823,house,3.00,2.50
824,house,3.00,2.50
825,house,4.00,4.50
826,house,5.00,3.50
827,house,2.00,1.00
828,house,3.00,2.50
829,house,3.00,2.00
830,house,3.00,2.00
831,house,3.00,2.50
832,house,4.00,2.00
833,house,4.00,2.50
834,house,3.00,2.50
835,house,3.00,2.50
836,house,4.00,3.50
837,house,4.00,5.00
838,house,4.00,2.50
839,house,4.00,3.50
840,house,3.00,2.50
841,house,3.00,3.50
842,house,4.00,2.50
843,house,4.00,2.00
844,house,5.00,3.50
845,house,2.00,2.50
846,house,2.00,1.00
847,house,4.00,3.50
848,house,5.00,3.50
849,house,4.00,4.00
850,house,3.00,2.50
851,house,0.00,â€”
852,house,3.00,3.00
853,house,3.00,2.50
854,house,3.00,3.50
855,house,4.00,3.00
856,house,4.00,4.00
857,house,3.00,2.50
858,house,4.00,2.50
859,house,4.00,2.00
860,house,4.00,3.50
861,house,4.00,3.50
862,house,3.00,2.50
863,house,5.00,3.00
864,house,4.00,2.50
865,house,3.00,2.00
866,house,3.00,2.50
867,house,3.00,2.00
868,house,3.00,2.50
869,house,4.00,3.50
870,house,5.00,2.50
871,house,4.00,3.00
872,house,4.00,3.50
873,house,5.00,3.00
874,house,3.00,2.50
875,house,3.00,2.50
876,house,3.00,2.00
877,house,3.00,2.00
878,house,3.00,2.50
879,house,3.00,2.00
880,house,3.00,2.50
881,house,4.00,2.50
882,house,1.00,1.00
883,house,2.00,1.00
884,house,3.00,2.50
885,house,3.00,3.00
886,house,3.00,1.00
887,house,4.00,2.50
888,house,3.00,3.50
889,house,3.00,3.50
890,house,2.00,1.00
891,house,3.00,1.00
892,house,4.00,3.50
893,house,3.00,2.00
894,house,3.00,2.00
895,house,4.00,3.50
896,house,4.00,3.50
897,house,3.00,2.50
898,house,3.00,2.00
899,house,3.00,2.00
900,house,3.00,2.50
901,house,3.00,2.50
902,house,4.00,3.50
903,house,6.00,3.00
904,house,3.00,2.50
905,house,4.00,2.50
906,house,4.00,2.50
907,house,4.00,3.50
908,house,3.00,2.00
909,house,4.00,2.00
910,house,3.00,1.50
911,house,4.00,2.50
912,house,4.00,2.00
913,house,5.00,4.50
914,house,3.00,2.00
915,house,3.00,2.00
916,house,3.00,2.00
917,house,3.00,2.00
918,house,3.00,2.00
919,house,4.00,3.50
920,house,4.00,2.50
921,house,4.00,2.00
922,house,3.00,2.50
923,house,3.00,2.50
924,house,3.00,2.00
925,house,4.00,2.50
926,house,5.00,3.50
927,house,4.00,2.00
928,house,3.00,2.50
929,house,4.00,2.50
930,house,4.00,3.50
931,house,3.00,3.50
932,house,5.00,3.50
933,house,3.00,2.50
934,house,3.00,3.50
935,house,3.00,4.00
936,house,4.00,2.50
937,house,4.00,2.00
938,house,4.00,3.00
939,house,3.00,2.00
940,house,6.00,2.50
941,house,3.00,3.50
942,house,3.00,2.50
943,house,3.00,2.00
944,house,4.00,2.50
945,house,4.00,4.00
946,house,4.00,3.50
947,house,2.00,2.50
948,house,3.00,2.00
949,house,1.00,1.00
950,house,4.00,4.50
951,house,4.00,4.00
952,house,3.00,2.50
953,house,5.00,5.50
954,house,3.00,2.00
955,house,4.00,2.00
956,house,4.00,2.50
957,house,4.00,3.00
958,house,3.00,2.50
959,house,3.00,2.00
960,house,3.00,2.00
961,house,3.00,2.50
962,house,4.00,3.50
963,house,3.00,2.50
964,house,3.00,2.00
965,house,4.00,2.00
966,house,3.00,2.00
967,house,3.00,2.00
968,house,3.00,2.00
969,house,6.00,10.00
970,house,3.00,2.50
971,house,3.00,2.00
972,house,6.00,7.50
973,house,3.00,2.00
974,house,5.00,6.00
975,house,4.00,3.50
976,house,3.00,2.50
977,house,5.00,5.50
978,house,3.00,1.00
979,house,3.00,1.00
980,house,5.00,3.50
981,house,4.00,2.00
982,house,3.00,1.00
983,house,4.00,4.00
984,house,6.00,3.50
985,house,5.00,5.50
986,house,4.00,4.00
987,house,6.00,5.00
988,house,4.00,3.00
989,house,3.00,2.50
990,house,4.00,3.00
991,house,4.00,2.50
992,house,4.00,3.00
993,house,4.00,2.50
994,house,7.00,4.00
995,house,5.00,3.50
996,house,5.00,3.50
997,house,5.00,3.00
998,house,4.00,3.50
999,house,4.00,3.50
1000,house,2.00,2.50
1001,house,4.00,3.50
1002,house,3.00,2.00
1003,house,3.00,2.00
1004,house,3.00,2.00
1005,house,4.00,3.50
1006,house,4.00,2.00
1007,house,4.00,3.50
1008,house,3.00,2.00
1009,house,5.00,4.00
1010,house,4.00,3.50
1011,house,5.00,5.50
1012,house,3.00,1.00
1013,house,3.00,2.00
1014,house,4.00,2.50
1015,house,5.00,3.50
1016,house,3.00,1.00
1017,house,5.00,4.00
1018,house,3.00,2.50
1019,house,5.00,3.00
1020,house,3.00,2.00
1021,house,3.00,1.50
1022,house,5.00,3.00
1023,house,5.00,3.00
1024,house,5.00,5.50
1025,house,5.00,7.00
1026,house,5.00,4.00
1027,house,5.00,4.50
1028,house,3.00,2.00
1029,house,5.00,4.50
1030,house,5.00,3.00
1031,house,5.00,3.50
1032,house,3.00,2.00
1033,house,3.00,2.00
1034,house,3.00,2.00
1035,house,4.00,3.00
1036,house,3.00,2.00
1037,house,3.00,2.50
1038,house,3.00,1.00
1039,house,4.00,2.00
1040,house,4.00,3.50
1041,house,3.00,2.00
1042,house,6.00,5.50
1043,house,4.00,3.00
1044,house,3.00,2.00
1045,house,3.00,2.00
1046,house,3.00,1.00
1047,house,4.00,3.00
1048,house,3.00,2.00
1049,house,3.00,2.00
1050,house,5.00,5.00
1051,house,6.00,7.00
1052,house,4.00,3.00
1053,house,2.00,2.00
1054,house,5.00,3.00
1055,house,5.00,4.50
1056,house,4.00,2.00
1057,house,3.00,3.00
1058,house,4.00,3.00
1059,house,5.00,5.00
1060,house,4.00,2.50
1061,house,5.00,4.00
1062,house,4.00,2.50
1063,house,3.00,2.50
1064,house,3.00,2.00
1065,house,5.00,3.50
1066,house,5.00,4.50
1067,house,5.00,5.50
1068,house,3.00,2.00
1069,house,3.00,3.00
1070,house,3.00,2.50
1071,house,5.00,5.00
1072,house,2.00,2.00
1073,house,4.00,3.50
1074,house,3.00,2.50
1075,house,3.00,2.50
1076,house,3.00,2.00
1077,house,4.00,3.50
1078,house,3.00,3.00
1079,house,5.00,7.00
1080,house,3.00,2.00
1081,house,4.00,3.50
1082,house,3.00,2.00
1083,house,3.00,2.00
1084,house,3.00,1.00
1085,house,4.00,3.00
1086,house,3.00,2.00
1087,house,3.00,1.00
1088,house,5.00,3.50
1089,house,3.00,2.00
1090,house,5.00,3.50
1091,house,3.00,2.00
1092,house,3.00,2.00
1093,house,3.00,2.00
1094,house,4.00,3.50
1095,house,4.00,2.00
1096,house,3.00,2.50
1097,house,5.00,4.00
1098,house,4.00,3.50
1099,house,3.00,3.00
1100,house,4.00,5.00
1101,house,6.00,6.50
1102,house,6.00,3.00
1103,house,5.00,4.00
1104,house,4.00,3.50
1105,house,3.00,1.00
1106,house,3.00,2.50
1107,house,5.00,5.50
1108,house,4.00,3.50
1109,house,2.00,2.00
1110,house,3.00,2.00
1111,house,4.00,3.00
1112,house,4.00,3.00
1113,house,3.00,3.00
1114,house,2.00,2.00
1115,house,7.00,8.00
1116,house,4.00,3.00
1117,house,5.00,3.50
1118,house,5.00,4.50
1119,house,3.00,3.00
1120,house,5.00,4.50
1121,house,5.00,4.00
1122,house,4.00,3.50
1123,house,4.00,2.00
1124,house,5.00,6.00
1125,house,3.00,2.00
1126,house,2.00,1.00
1127,house,3.00,2.50
1128,house,8.00,2.00
1129,house,4.00,2.50
1130,house,3.00,1.00
1131,house,4.00,3.00
1132,house,5.00,3.00
1133,house,5.00,3.00
1134,house,10.00,3.00
1135,house,3.00,2.00
1136,house,4.00,3.00
1137,house,5.00,4.50
1138,house,2.00,1.00
1139,house,4.00,2.00
1140,house,3.00,2.00
1141,house,2.00,1.50
1142,house,4.00,3.00
1143,house,6.00,3.50
1144,house,2.00,1.50
1145,house,4.00,3.00
1146,house,7.00,7.00
1147,house,3.00,2.00
1148,house,5.00,5.50
1149,house,4.00,1.00
1150,house,2.00,1.00
1151,house,3.00,2.00
1152,house,3.00,2.00
1153,house,3.00,2.00
1154,house,4.00,3.50
1155,house,3.00,2.50
1156,house,4.00,2.00
1157,house,3.00,2.00
1158,house,6.00,3.00
1159,house,5.00,4.00
1160,house,4.00,4.50
1161,house,4.00,3.00
1162,house,4.00,3.50
1163,house,4.00,3.00
1164,house,2.00,2.00
1165,house,5.00,3.00
1166,house,5.00,3.50
1167,house,3.00,3.00
1168,house,3.00,3.00
1169,house,3.00,1.00
1170,house,4.00,3.00
1171,house,4.00,2.50
1172,house,3.00,2.50
1173,house,3.00,2.00
1174,house,3.00,1.00
1175,house,4.00,4.50
1176,house,4.00,3.00
1177,house,6.00,6.50
1178,house,3.00,2.00
1179,house,6.00,8.00
1180,house,7.00,6.50
1181,house,2.00,2.00
1182,house,3.00,2.00
1183,house,3.00,2.00
1184,house,3.00,1.50
1185,house,3.00,2.00
1186,house,3.00,2.50
1187,house,6.00,5.50
1188,house,3.00,2.50
1189,house,6.00,3.00
1190,house,4.00,2.00
1191,house,3.00,2.50
1192,house,5.00,3.00
1193,house,3.00,2.00
1194,house,3.00,1.50
1195,house,4.00,5.00
1196,house,3.00,2.50
1197,house,3.00,3.50
1198,house,4.00,3.50
1199,house,4.00,3.00
1200,house,3.00,1.50
1201,condo,3.00,2.00
1202,condo,3.00,2.00
1203,condo,2.00,1.00
1204,condo,1.00,1.00
1205,condo,2.00,2.00
1206,condo,3.00,1.50
1207,condo,2.00,1.00
1208,condo,3.00,3.00
1209,condo,1.00,1.00
1210,condo,3.00,2.00
1211,condo,2.00,1.00
1212,condo,1.00,1.00
1213,condo,2.00,2.00
1214,condo,2.00,2.00
1215,condo,5.00,3.00
1216,condo,1.00,1.00
1217,condo,3.00,1.00
1218,condo,1.00,1.00
1219,condo,0.00,1.00
1220,condo,2.00,1.00
1221,condo,2.00,2.00
1222,condo,2.00,2.00
1223,condo,1.00,1.00
1224,condo,3.00,2.00
1225,condo,3.00,2.00
1226,condo,3.00,3.00
1227,condo,1.00,2.00
1228,condo,2.00,1.00
1229,condo,0.00,1.00
1230,condo,2.00,2.00
1231,condo,2.00,2.00
1232,condo,1.00,1.00
1233,condo,2.00,2.00
1234,condo,2.00,1.00
1235,condo,2.00,2.00
1236,condo,2.00,2.00
1237,condo,1.00,1.00
1238,condo,1.00,1.00
1239,condo,2.00,2.00
1240,condo,2.00,1.00
1241,condo,2.00,1.00
1242,condo,0.00,2.00
1243,condo,3.00,2.00
1244,condo,3.00,1.50
1245,condo,2.00,1.00
1246,condo,2.00,2.00
1247,condo,0.00,1.00
1248,condo,1.00,1.00
1249,condo,1.00,1.00
1250,condo,1.00,1.00
1251,condo,2.00,1.50
1252,condo,2.00,1.00
1253,condo,2.00,1.00
1254,condo,1.00,1.00
1255,condo,2.00,2.50
1256,condo,2.00,2.00
1257,condo,2.00,2.00
1258,condo,2.00,2.00
1259,condo,3.00,3.00
1260,condo,1.00,1.00
1261,condo,1.00,1.00
1262,condo,1.00,1.00
1263,condo,2.00,1.50
1264,condo,2.00,2.00
1265,condo,2.00,2.50
1266,condo,1.00,1.00
1267,condo,3.00,2.00
1268,condo,1.00,1.00
1269,condo,2.00,1.00
1270,condo,2.00,2.00
1271,condo,1.00,1.00
1272,condo,1.00,1.00
1273,condo,1.00,1.00
1274,condo,2.00,2.00
1275,condo,1.00,1.00
1276,condo,2.00,2.00
1277,condo,1.00,1.00
1278,condo,2.00,2.00
1279,condo,2.00,3.00
1280,condo,2.00,1.00
1281,condo,3.00,2.00
1282,condo,2.00,2.00
1283,condo,1.00,1.00
1284,condo,2.00,1.50
1285,condo,2.00,2.50
1286,condo,2.00,2.00
1287,condo,3.00,2.00
1288,condo,2.00,2.00
1289,condo,2.00,2.50
1290,condo,2.00,2.00
1291,condo,2.00,1.50
1292,condo,1.00,1.00
1293,condo,1.00,1.00
1294,condo,3.00,3.00
1295,condo,2.00,2.00
1296,condo,3.00,3.00
1297,condo,2.00,1.00
1298,condo,3.00,2.00
1299,condo,2.00,2.00
1300,condo,2.00,1.00
1301,condo,2.00,2.50
1302,condo,2.00,1.00
1303,condo,3.00,2.00
1304,condo,2.00,2.00
1305,condo,2.00,2.00
1306,condo,1.00,1.00
1307,condo,2.00,1.00
1308,condo,2.00,2.00
1309,condo,2.00,2.00
1310,condo,2.00,2.00
1311,condo,3.00,2.00
1312,condo,2.00,2.00
1313,condo,2.00,2.00
1314,condo,2.00,1.00
1315,condo,2.00,2.00
1316,condo,2.00,2.00
1317,condo,1.00,1.00
1318,condo,1.00,1.00
1319,condo,1.00,1.00
1320,condo,2.00,3.00
1321,condo,1.00,1.00
1322,condo,1.00,1.00
1323,condo,1.00,2.00
1324,condo,1.00,2.00
1325,condo,1.00,1.00
1326,condo,3.00,1.50
1327,condo,3.00,2.00
1328,condo,1.00,1.00
1329,condo,2.00,1.00
1330,condo,2.00,1.50
1331,condo,2.00,2.00
1332,condo,3.00,3.00
1333,condo,2.00,2.00
1334,condo,0.00,1.00
1335,condo,2.00,2.00
1336,condo,1.00,1.00
1337,condo,0.00,1.00
1338,condo,2.00,2.00
1339,condo,3.00,2.00
1340,condo,2.00,1.00
1341,condo,1.00,2.00
1342,condo,2.00,2.00
1343,condo,1.00,1.00
1344,condo,2.00,2.00
1345,condo,2.00,2.00
1346,condo,2.00,2.00
1347,condo,2.00,1.00
1348,condo,2.00,2.00
1349,condo,2.00,2.00
1350,condo,1.00,1.00
1351,condo,0.00,1.00
1352,condo,2.00,1.00
1353,condo,3.00,2.00
1354,condo,2.00,2.00
1355,condo,1.00,1.00
1356,condo,2.00,1.50
1357,condo,2.00,2.00
1358,condo,1.00,1.00
1359,condo,2.00,2.00
1360,condo,1.00,1.00
1361,condo,1.00,1.00
1362,condo,2.00,1.50
1363,condo,2.00,2.00
1364,condo,3.00,3.00
1365,condo,3.00,2.50
1366,condo,2.00,2.00
1367,condo,2.00,1.00
1368,condo,2.00,2.00
1369,condo,1.00,1.00
1370,condo,2.00,2.00
1371,condo,3.00,3.50
1372,condo,2.00,2.00
1373,condo,2.00,2.00
1374,condo,3.00,3.00
1375,condo,2.00,2.00
1376,condo,1.00,1.00
1377,condo,2.00,1.50
1378,condo,3.00,2.00
1379,condo,2.00,2.00
1380,condo,1.00,1.00
1381,condo,2.00,1.00
1382,condo,2.00,1.00
1383,condo,2.00,2.00
1384,condo,3.00,1.50
1385,condo,3.00,1.50
1386,condo,2.00,2.00
1387,condo,1.00,1.00
1388,condo,3.00,2.00
1389,condo,2.00,2.00
1390,condo,2.00,2.00
1391,condo,1.00,1.00
1392,condo,2.00,1.00
1393,condo,1.00,1.00
1394,condo,1.00,1.00
1395,condo,2.00,1.50
1396,condo,3.00,2.00
1397,condo,2.00,2.00
1398,condo,2.00,2.00
1399,condo,2.00,2.00
1400,condo,2.00,2.00
1401,condo,3.00,2.00
1402,condo,2.00,2.00
1403,condo,3.00,1.00
1404,condo,3.00,2.00
1405,condo,2.00,2.00
1406,condo,2.00,2.00
1407,condo,1.00,1.00
1408,condo,3.00,2.50
1409,condo,2.00,2.00
1410,condo,1.00,1.00
1411,condo,2.00,2.00
1412,condo,3.00,2.00
1413,condo,2.00,2.00
1414,condo,0.00,1.00
1415,condo,3.00,2.00
1416,condo,2.00,1.00
1417,condo,3.00,2.00
1418,condo,2.00,2.00
1419,condo,3.00,3.00
1420,condo,2.00,2.00
1421,condo,3.00,2.00
1422,condo,3.00,2.00
1423,condo,2.00,2.00
1424,condo,3.00,3.50
1425,condo,0.00,1.50
1426,condo,1.00,1.50
1427,condo,3.00,2.00
1428,condo,3.00,2.00
1429,condo,3.00,2.00
1430,condo,1.00,1.00
1431,condo,2.00,2.00
1432,condo,1.00,1.00
1433,condo,2.00,1.00
1434,condo,1.00,1.00
1435,condo,0.00,0.50
1436,condo,3.00,2.00
1437,condo,3.00,2.00
1438,condo,2.00,1.00
1439,condo,2.00,2.00
1440,condo,2.00,1.00
1441,condo,3.00,2.00
1442,condo,3.00,2.00
1443,condo,3.00,2.00
1444,condo,3.00,2.00
1445,condo,2.00,2.00
1446,condo,3.00,2.00
1447,condo,3.00,2.00
1448,condo,3.00,2.00
1449,condo,3.00,2.00
1450,condo,3.00,2.00
1451,condo,3.00,2.00
1452,condo,3.00,2.00
1453,condo,3.00,2.00
1454,condo,3.00,2.00
1455,condo,3.00,2.00
1456,condo,3.00,2.00
1457,condo,3.00,2.00
1458,condo,3.00,2.00
1459,condo,3.00,2.00
1460,condo,3.00,2.00
1461,condo,3.00,2.00
1462,condo,3.00,2.00
1463,condo,3.00,2.00
1464,condo,2.00,2.00
1465,condo,3.00,2.00
1466,condo,3.00,2.00
1467,condo,3.00,2.00
1468,condo,3.00,2.00
1469,condo,3.00,2.00
1470,condo,2.00,1.00
1471,condo,3.00,2.00
1472,condo,3.00,2.00
1473,condo,3.00,2.00
1474,condo,3.00,2.00
1475,condo,3.00,2.00
1476,condo,3.00,2.00
1477,condo,3.00,2.00
1478,condo,3.00,2.00
1479,condo,2.00,2.00
1480,condo,2.00,2.00
1481,condo,1.00,1.00
1482,condo,3.00,2.00
1483,condo,2.00,2.00
1484,condo,3.00,2.00
1485,condo,2.00,2.00
1486,condo,3.00,2.00
1487,condo,2.00,1.00
1488,condo,3.00,2.00
1489,condo,3.00,2.00
1490,condo,3.00,2.00
1491,condo,2.00,1.00
1492,condo,3.00,2.00
1493,condo,3.00,2.00
1494,condo,2.00,1.00
1495,condo,2.00,1.00
1496,condo,2.00,1.00
1497,condo,2.00,2.00
1498,condo,2.00,2.00
1499,condo,3.00,2.00
1500,condo,3.00,2.00
1501,condo,3.00,2.00
1502,condo,3.00,2.00
1503,condo,2.00,3.50
1504,condo,3.00,2.00
1505,condo,3.00,2.00
1506,condo,2.00,2.00
1507,condo,2.00,1.00
1508,condo,3.00,2.00
1509,condo,4.00,3.00
1510,condo,1.00,1.00
1511,condo,3.00,2.00
1512,condo,2.00,2.00
1513,condo,3.00,2.00
1514,condo,3.00,2.00
1515,condo,3.00,2.00
1516,condo,3.00,2.00
1517,condo,1.00,1.00
1518,condo,4.00,3.00
1519,condo,4.00,2.00
1520,condo,2.00,1.00
1521,condo,3.00,2.00
1522,condo,3.00,2.00
1523,condo,2.00,2.00
1524,condo,2.00,1.00
1525,condo,3.00,2.00
1526,condo,3.00,2.00
1527,condo,3.00,2.00
1528,condo,3.00,2.00
1529,condo,3.00,2.00
1530,condo,2.00,1.00
1531,condo,3.00,2.00
1532,condo,4.00,3.00
1533,condo,3.00,2.00
1534,condo,3.00,2.00
1535,condo,2.00,2.00
1536,condo,3.00,2.00
1537,condo,3.00,2.00
1538,condo,3.00,2.00
1539,condo,3.00,2.00
1540,condo,3.00,2.00
1541,condo,3.00,2.00
1542,condo,3.00,2.00
1543,condo,3.00,2.00
1544,condo,3.00,2.00
1545,condo,4.00,3.00
1546,condo,3.00,2.00
1547,condo,3.00,2.00
1548,condo,3.00,2.00
1549,condo,3.00,2.00
1550,condo,3.00,2.00
1551,condo,3.00,2.00
1552,condo,3.00,2.00
1553,condo,3.00,2.00
1554,condo,3.00,2.00
1555,condo,3.00,2.00
1556,condo,3.00,2.00
1557,condo,3.00,2.00
1558,condo,3.00,2.00
1559,condo,3.00,2.00
1560,condo,3.00,2.00
1561,condo,3.00,2.00
1562,condo,3.00,2.00
1563,condo,3.00,2.00
1564,condo,1.00,1.00
1565,condo,3.00,2.00
1566,condo,4.00,3.00
1567,condo,3.00,2.00
1568,condo,3.00,2.00
1569,condo,2.00,1.00
1570,condo,2.00,1.00
1571,condo,3.00,2.00
1572,condo,2.00,2.00
1573,condo,2.00,1.00
1574,condo,3.00,2.00
1575,condo,2.00,1.00
1576,condo,2.00,1.00
1577,condo,3.00,2.00
1578,condo,2.00,2.00
1579,condo,3.00,2.00
1580,condo,3.00,2.00
1581,condo,3.00,2.00
1582,condo,3.00,2.00
1583,condo,3.00,2.00
1584,condo,3.00,2.00
1585,condo,3.00,2.00
1586,condo,3.00,2.00
1587,condo,3.00,2.00
1588,condo,3.00,2.00
1589,condo,3.00,2.00
1590,condo,3.00,2.00
1591,condo,2.00,2.50
1592,condo,3.00,2.00
1593,condo,2.00,3.00
1594,condo,3.00,2.00
1595,condo,2.00,1.50
1596,condo,3.00,2.00
1597,condo,3.00,2.00
1598,condo,3.00,2.00
1599,condo,3.00,2.00
1600,condo,3.00,2.00
1601,condo,2.00,1.00
1602,condo,3.00,2.00
1603,condo,2.00,1.00
1604,condo,3.00,3.50
1605,condo,2.00,2.50
1606,condo,2.00,2.50
1607,condo,3.00,2.00
1608,condo,3.00,2.00
1609,condo,3.00,2.00
1610,condo,3.00,2.00
1611,condo,3.00,2.00
1612,condo,3.00,2.00
1613,condo,3.00,2.00
1614,condo,3.00,2.00
1615,condo,2.00,2.00
1616,condo,3.00,2.00
1617,condo,2.00,1.00
1618,condo,3.00,2.00
1619,condo,2.00,1.00
1620,condo,3.00,2.00
1621,condo,3.00,2.00
1622,condo,3.00,2.00
1623,condo,3.00,2.00
1624,condo,3.00,2.00
1625,condo,3.00,2.00
1626,condo,3.00,2.00
1627,condo,3.00,2.00
1628,condo,3.00,2.00
1629,condo,2.00,1.00
1630,condo,3.00,1.00
1631,condo,3.00,2.00
1632,condo,3.00,2.00
1633,condo,3.00,2.00
1634,condo,3.00,2.00
1635,condo,3.00,2.00
1636,condo,3.00,2.00
1637,condo,3.00,2.00
1638,condo,2.00,1.00
1639,condo,3.00,2.00
1640,condo,3.00,3.00
1641,house,3.00,1.50
1642,house,3.00,1.00
1643,house,4.00,3.00
1644,house,4.00,2.00
1645,house,3.00,1.50
1646,house,3.00,2.00
1647,house,3.00,2.50
1648,house,3.00,2.00
1649,house,2.00,1.00
1650,house,3.00,1.00
1651,house,3.00,2.00
1652,house,4.00,4.50
1653,house,3.00,1.50
1654,house,3.00,3.00
1655,house,4.00,2.50
1656,house,4.00,2.00
1657,house,3.00,1.00
1658,house,4.00,2.00
1659,house,4.00,2.00
1660,house,5.00,2.50
1661,house,4.00,2.50
1662,house,3.00,1.50
1663,house,3.00,2.00
1664,house,3.00,1.50
1665,house,3.00,2.00
1666,house,2.00,2.00
1667,house,2.00,2.00
1668,house,2.00,1.00
1669,house,4.00,1.50
1670,house,2.00,1.00
1671,house,3.00,2.00
1672,house,3.00,2.00
1673,house,4.00,6.00
1674,house,4.00,2.50
1675,house,3.00,2.00
1676,house,3.00,2.00
1677,house,3.00,2.00
1678,house,5.00,3.00
1679,house,3.00,2.00
1680,house,3.00,1.00
1681,house,3.00,2.50
1682,house,3.00,1.00
1683,house,3.00,2.00
1684,house,4.00,3.50
1685,house,4.00,2.00
1686,house,3.00,2.00
1687,house,3.00,2.00
1688,house,4.00,2.50
1689,house,2.00,2.50
1690,house,3.00,2.00
1691,house,3.00,2.00
1692,house,3.00,2.00
1693,house,3.00,2.00
1694,house,3.00,2.50
1695,house,3.00,2.00
1696,house,5.00,4.50
1697,house,4.00,3.50
1698,house,4.00,2.00
1699,house,4.00,3.50
1700,house,3.00,2.50
1701,house,3.00,2.00
1702,house,3.00,2.00
1703,house,3.00,2.00
1704,house,3.00,1.50
1705,house,3.00,2.00
1706,house,4.00,2.50
1707,house,5.00,3.00
1708,house,3.00,1.00
1709,house,4.00,3.50
1710,house,4.00,2.00
1711,house,3.00,2.00
1712,house,4.00,3.00
1713,house,2.00,1.00
1714,house,5.00,4.50
1715,house,4.00,2.00
1716,house,6.00,8.00
1717,house,3.00,2.50
1718,house,4.00,2.00
1719,house,4.00,2.00
1720,house,4.00,2.00
1721,house,2.00,1.00
1722,house,3.00,1.00
1723,house,4.00,2.00
1724,house,5.00,2.00
1725,house,3.00,2.00
1726,house,5.00,3.50
1727,house,4.00,3.00
1728,house,4.00,2.50
1729,house,3.00,1.00
1730,house,3.00,2.00
1731,house,3.00,2.00
1732,house,4.00,2.00
1733,house,5.00,3.50
1734,house,4.00,2.00
1735,house,3.00,1.00
1736,house,4.00,6.00
1737,house,3.00,1.00
1738,house,2.00,2.50
1739,house,4.00,3.00
1740,house,3.00,2.00
1741,house,2.00,1.00
1742,house,2.00,1.00
1743,house,3.00,1.50
1744,house,4.00,3.00
1745,house,4.00,2.00
1746,house,6.00,4.00
1747,house,2.00,1.00
1748,house,2.00,1.00
1749,house,2.00,1.00
1750,house,3.00,1.00
1751,house,2.00,1.00
1752,house,2.00,1.00
1753,house,3.00,2.00
1754,house,2.00,1.00
1755,house,6.00,3.50
1756,house,3.00,2.00
1757,house,3.00,2.00
1758,house,3.00,2.00
1759,house,4.00,2.00
1760,house,2.00,1.00
1761,house,4.00,2.00
1762,house,3.00,1.00
1763,house,4.00,1.50
1764,house,3.00,2.00
1765,house,3.00,2.00
1766,house,4.00,4.50
1767,house,3.00,1.00
1768,house,3.00,1.00
1769,house,2.00,1.00
1770,house,3.00,1.00
1771,house,3.00,1.00
1772,house,3.00,2.00
1773,house,3.00,1.00
1774,house,3.00,2.00
1775,house,3.00,2.00
1776,house,3.00,2.00
1777,house,2.00,1.00
1778,house,3.00,1.00
1779,house,3.00,1.00
1780,house,3.00,1.00
1781,house,3.00,2.00
1782,house,3.00,1.00
1783,house,3.00,2.00
1784,house,3.00,1.00
1785,house,3.00,1.00
1786,house,2.00,1.00
1787,house,3.00,1.00
1788,house,4.00,2.00
1789,house,3.00,2.00
1790,house,2.00,1.00
1791,house,3.00,2.00
1792,house,4.00,2.00
1793,house,3.00,2.00
1794,house,3.00,2.00
1795,house,4.00,3.50
1796,house,3.00,1.00
1797,house,3.00,2.00
1798,house,3.00,1.00
1799,house,3.00,2.00
1800,house,2.00,1.00
1801,house,2.00,1.00
1802,house,4.00,2.50
1803,house,4.00,3.50
1804,house,3.00,2.00
1805,house,4.00,2.50
1806,house,3.00,2.00
1807,house,4.00,2.50
1808,house,3.00,3.00
1809,house,3.00,2.00
1810,house,2.00,1.00
1811,house,3.00,2.00
1812,house,2.00,1.00
1813,house,3.00,1.00
1814,house,5.00,2.50
1815,house,4.00,2.00
1816,house,4.00,3.00
1817,house,3.00,2.50
1818,house,4.00,3.50
1819,house,4.00,2.50
1820,house,3.00,2.00
1821,house,3.00,2.00
1822,house,3.00,1.00
1823,house,4.00,2.00
1824,house,3.00,2.00
1825,house,3.00,2.00
1826,house,3.00,1.00
1827,house,3.00,2.00
1828,house,3.00,1.00
1829,house,5.00,2.00
1830,house,3.00,2.00
1831,house,5.00,3.50
1832,house,3.00,2.00
1833,house,4.00,2.50
1834,house,4.00,3.50
1835,house,3.00,2.00
1836,house,3.00,2.00
1837,house,3.00,1.50
1838,house,3.00,2.00
1839,house,3.00,1.50
1840,house,3.00,2.50
1841,house,3.00,1.50
1842,house,3.00,2.00
1843,house,4.00,2.50
1844,house,3.00,2.00
1845,house,3.00,2.00
1846,house,4.00,2.00
1847,house,3.00,2.00
1848,house,3.00,1.50
1849,house,3.00,2.00
1850,house,4.00,2.00
1851,house,5.00,3.00
1852,house,3.00,1.00
1853,house,4.00,2.50
1854,house,3.00,2.00
1855,house,3.00,2.00
1856,house,3.00,2.00
1857,house,4.00,3.00
1858,house,3.00,2.00
1859,house,3.00,2.00
1860,house,3.00,1.00
1861,house,4.00,4.50
1862,house,3.00,2.50
1863,house,3.00,2.00
1864,house,4.00,2.50
1865,house,3.00,2.00
1866,house,3.00,2.00
1867,house,2.00,1.00
1868,house,4.00,2.50
1869,house,3.00,3.00
1870,house,3.00,1.00
1871,house,3.00,1.00
1872,house,3.00,1.00
1873,house,4.00,1.00
1874,house,3.00,1.00
1875,house,4.00,3.00
1876,house,3.00,2.50
1877,house,4.00,2.50
1878,house,3.00,3.00
1879,house,4.00,3.50
1880,house,4.00,2.00
1881,house,3.00,3.00
1882,house,3.00,1.50
1883,house,5.00,2.50
1884,house,3.00,2.50
1885,house,4.00,2.50
1886,house,3.00,2.00
1887,house,3.00,2.00
1888,house,3.00,3.00
1889,house,3.00,2.00
1890,house,2.00,1.00
1891,house,3.00,1.00
1892,house,3.00,2.00
1893,house,3.00,1.00
1894,house,3.00,1.00
1895,house,4.00,2.50
1896,house,3.00,2.00
1897,house,3.00,1.50
1898,house,4.00,3.50
1899,house,4.00,2.00
1900,house,3.00,1.00
1901,house,3.00,2.00
1902,house,3.00,2.00
1903,house,4.00,3.50
1904,house,3.00,1.00
1905,house,3.00,1.00
1906,house,2.00,2.00
1907,house,3.00,1.50
1908,house,3.00,1.00
1909,house,3.00,1.00
1910,house,3.00,2.00
1911,house,3.00,1.00
1912,house,3.00,2.00
1913,house,3.00,1.00
1914,house,3.00,2.00
1915,house,4.00,2.00
1916,house,2.00,2.00
1917,house,3.00,1.50
1918,house,3.00,1.00
1919,house,3.00,1.00
1920,house,3.00,1.00
1921,condo,2.00,2.00
1922,condo,2.00,2.00
1923,condo,2.00,2.00
1924,condo,2.00,2.00
1925,condo,1.00,1.00
1926,condo,2.00,2.50
1927,condo,2.00,2.50
1928,condo,2.00,2.00
1929,condo,2.00,2.00
1930,condo,2.00,2.00
1931,condo,2.00,2.00
1932,condo,2.00,2.00
1933,condo,1.00,1.00
1934,condo,2.00,2.00
1935,condo,2.00,2.00
1936,condo,1.00,1.00
1937,condo,2.00,1.00
1938,condo,2.00,2.00
1939,condo,1.00,1.00
1940,condo,1.00,1.00
1941,condo,1.00,1.00
1942,condo,1.00,1.00
1943,condo,2.00,2.00
1944,condo,2.00,2.00
1945,condo,3.00,2.00
1946,condo,2.00,2.00
1947,condo,2.00,2.00
1948,condo,2.00,2.00
1949,condo,2.00,2.00
1950,condo,3.00,2.00
1951,condo,2.00,2.00
1952,condo,0.00,1.00
1953,condo,1.00,1.00
1954,condo,2.00,2.00
1955,condo,2.00,2.00
1956,condo,2.00,2.00
1957,condo,2.00,2.00
1958,condo,1.00,1.00
1959,condo,2.00,2.00
1960,condo,3.00,2.00
1961,condo,2.00,2.00
1962,condo,3.00,1.75
1963,condo,2.00,2.00
1964,condo,2.00,2.00
1965,condo,2.00,2.00
1966,condo,3.00,1.75
1967,condo,2.00,1.00
1968,condo,1.00,1.00
1969,condo,1.00,1.00
1970,condo,1.00,1.50
1971,condo,3.00,2.00
1972,condo,2.00,2.00
1973,condo,1.00,2.00
1974,condo,2.00,2.00
1975,condo,2.00,2.50
1976,condo,1.00,1.00
1977,condo,2.00,1.00
1978,condo,2.00,2.00
1979,condo,3.00,2.00
1980,condo,2.00,2.00
1981,condo,2.00,2.00
1982,condo,2.00,1.50
1983,condo,2.00,2.00
1984,condo,2.00,2.00
1985,condo,1.00,1.00
1986,condo,2.00,2.00
1987,condo,2.00,2.00
1988,condo,1.00,1.00
1989,condo,2.00,2.00
1990,condo,2.00,2.00
1991,condo,1.00,1.50
1992,condo,2.00,2.00
1993,condo,1.00,1.00
1994,condo,1.00,1.00
1995,condo,0.00,1.00
1996,condo,2.00,2.00
1997,condo,3.00,2.00
1998,condo,2.00,1.75
1999,condo,2.00,2.00
2000,condo,2.00,2.50
2001,condo,2.00,2.00
2002,condo,2.00,2.00
2003,condo,2.00,1.00
2004,condo,2.00,2.00
2005,condo,1.00,1.00
2006,condo,1.00,1.00
2007,condo,2.00,2.00
2008,condo,1.00,1.00
2009,condo,1.00,1.00
2010,condo,1.00,1.50
2011,condo,2.00,2.00
2012,condo,2.00,2.00
2013,condo,1.00,1.00
2014,condo,2.00,2.00
2015,condo,2.00,1.50
2016,condo,2.00,2.50
2017,condo,2.00,2.00
2018,condo,2.00,2.00
2019,condo,1.00,1.00
2020,condo,1.00,1.00
2021,condo,2.00,1.75
2022,condo,1.00,1.00
2023,condo,2.00,2.00
2024,condo,1.00,1.50
2025,condo,2.00,3.00
2026,condo,1.00,1.00
2027,condo,2.00,2.00
2028,condo,2.00,1.00
2029,condo,1.00,1.00
2030,condo,2.00,2.00
2031,condo,2.00,1.00
2032,condo,3.00,2.00
2033,condo,2.00,2.00
2034,condo,2.00,2.00
2035,condo,1.00,1.00
2036,condo,2.00,1.50
2037,condo,1.00,1.00
2038,condo,1.00,1.00
2039,condo,2.00,2.00
2040,condo,1.00,1.00
2041,condo,2.00,1.00
2042,condo,1.00,1.00
2043,condo,2.00,1.75
2044,condo,1.00,1.00
2045,condo,2.00,1.50
2046,condo,1.00,1.00
2047,condo,2.00,2.00
2048,condo,1.00,1.00
2049,condo,1.00,1.00
2050,condo,1.00,1.00
2051,condo,2.00,2.00
2052,condo,2.00,2.00
2053,condo,2.00,2.00
2054,condo,2.00,2.00
2055,condo,2.00,1.00
2056,condo,1.00,1.00
2057,condo,2.00,2.00
2058,condo,3.00,2.00
2059,condo,2.00,2.00
2060,condo,1.00,1.00
2061,condo,1.00,1.00
2062,condo,1.00,1.00
2063,condo,3.00,3.00
2064,condo,3.00,2.00
2065,condo,2.00,1.00
2066,condo,2.00,2.00
2067,condo,2.00,2.00
2068,condo,2.00,2.00
2069,condo,2.00,2.00
2070,condo,2.00,2.00
2071,condo,2.00,2.00
2072,condo,2.00,2.00
2073,condo,1.00,1.00
2074,condo,2.00,1.00
2075,condo,2.00,2.00
2076,condo,1.00,1.00
2077,condo,3.00,2.00
2078,condo,2.00,2.00
2079,condo,1.00,1.00
2080,condo,2.00,2.00
2081,condo,2.00,2.00
2082,condo,1.00,1.00
2083,condo,1.00,1.00
2084,condo,2.00,2.00
2085,condo,2.00,2.50
2086,condo,2.00,1.50
2087,condo,3.00,2.00
2088,condo,1.00,1.00
2089,condo,1.00,1.00
2090,condo,2.00,2.00
2091,condo,2.00,2.00
2092,condo,1.00,1.00
2093,condo,2.00,2.00
2094,condo,2.00,1.00
2095,condo,2.00,2.00
2096,condo,3.00,2.00
2097,condo,2.00,1.00
2098,condo,2.00,2.00
2099,condo,1.00,1.00
2100,condo,1.00,1.50
2101,condo,2.00,1.00
2102,condo,3.00,1.00
2103,condo,2.00,2.00
2104,condo,1.00,1.00
2105,condo,1.00,1.00
2106,condo,1.00,1.00
2107,condo,2.00,2.00
2108,condo,1.00,1.00
2109,condo,2.00,2.00
2110,condo,2.00,2.00
2111,condo,2.00,2.00
2112,condo,3.00,1.75
2113,condo,2.00,2.00
2114,condo,2.00,1.00
2115,condo,1.00,1.00
2116,condo,2.00,2.00
2117,condo,2.00,2.00
2118,condo,2.00,1.00
2119,condo,2.00,2.00
2120,condo,3.00,2.00
2121,condo,2.00,1.75
2122,condo,2.00,2.00
2123,condo,1.00,1.50
2124,condo,2.00,1.00
2125,condo,2.00,2.00
2126,condo,1.00,1.00
2127,condo,2.00,2.00
2128,condo,2.00,2.00
2129,condo,2.00,2.00
2130,condo,1.00,1.00
2131,condo,2.00,2.00
2132,condo,1.00,1.00
2133,condo,1.00,1.00
2134,condo,1.00,1.00
2135,condo,2.00,1.00
2136,condo,2.00,2.00
2137,condo,2.00,2.00
2138,condo,1.00,1.00
2139,condo,1.00,1.00
2140,condo,2.00,2.50
2141,condo,1.00,1.00
2142,condo,3.00,2.00
2143,condo,3.00,2.00
2144,condo,1.00,1.00
2145,condo,2.00,2.50
2146,condo,2.00,2.00
2147,condo,2.00,2.00
2148,condo,2.00,2.00
2149,condo,2.00,1.75
2150,condo,1.00,1.00
2151,condo,2.00,2.00
2152,condo,2.00,2.00
2153,condo,3.00,2.00
2154,condo,2.00,2.00
2155,condo,2.00,2.00
2156,condo,3.00,2.00
2157,condo,1.00,1.00
2158,condo,3.00,2.50
2159,condo,2.00,2.00
2160,condo,2.00,2.00
2161,condo,1.00,1.00
2162,condo,3.00,3.00
2163,condo,1.00,1.00
2164,condo,3.00,2.00
2165,condo,2.00,2.00
2166,condo,1.00,1.00
2167,condo,2.00,1.00
2168,condo,2.00,2.00
2169,condo,2.00,2.00
2170,condo,2.00,2.00
2171,condo,1.00,1.00
2172,condo,2.00,1.00
2173,condo,2.00,2.00
2174,condo,1.00,1.50
2175,condo,2.00,2.00
2176,condo,3.00,1.75
2177,condo,1.00,1.00
2178,condo,2.00,2.00
2179,condo,3.00,2.00
2180,condo,2.00,2.50
2181,condo,1.00,1.00
2182,condo,2.00,2.00
2183,condo,3.00,2.00
2184,condo,2.00,2.00
2185,condo,2.00,2.00
2186,condo,2.00,2.00
2187,condo,1.00,1.50
2188,condo,1.00,1.50
2189,condo,2.00,2.00
2190,condo,3.00,2.00
2191,condo,2.00,2.00
2192,condo,1.00,1.00
2193,condo,1.00,1.00
2194,condo,2.00,2.50
2195,condo,1.00,1.00
2196,condo,2.00,2.00
2197,condo,2.00,2.50
2198,condo,1.00,1.00
2199,condo,2.00,2.00
2200,condo,2.00,2.00
2201,house,4.00,3.50
2202,house,4.00,4.00
2203,house,4.00,4.00
2204,house,4.00,3.50
2205,house,4.00,2.50
2206,house,4.00,2.50
2207,house,5.00,3.50
2208,house,3.00,3.50
2209,house,5.00,5.00
2210,house,4.00,3.50
2211,house,3.00,2.50
2212,house,4.00,2.50
2213,house,2.00,1.00
2214,house,3.00,2.50
2215,house,3.00,2.50
2216,house,3.00,2.50
2217,house,3.00,4.00
2218,house,3.00,3.00
2219,house,4.00,4.00
2220,house,5.00,3.50
2221,house,5.00,3.00
2222,house,2.00,2.00
2223,house,4.00,2.00
2224,house,3.00,2.50
2225,house,4.00,4.00
2226,house,3.00,1.00
2227,house,4.00,3.50
2228,house,2.00,1.00
2229,house,2.00,1.00
2230,house,3.00,3.00
2231,house,4.00,2.00
2232,house,3.00,2.50
2233,house,3.00,2.00
2234,house,5.00,3.00
2235,house,3.00,2.50
2236,house,4.00,2.50
2237,house,3.00,3.50
2238,house,3.00,3.50
2239,house,3.00,2.50
2240,house,3.00,3.00
2241,house,5.00,3.50
2242,house,5.00,2.50
2243,house,3.00,2.00
2244,house,3.00,2.50
2245,house,2.00,2.00
2246,house,3.00,3.00
2247,house,4.00,2.50
2248,house,3.00,1.50
2249,house,4.00,2.00
2250,house,3.00,2.50
2251,house,3.00,2.00
2252,house,3.00,2.00
2253,house,3.00,2.00
2254,house,3.00,2.50
2255,house,3.00,2.50
2256,house,4.00,3.00
2257,house,3.00,2.50
2258,house,3.00,3.00
2259,house,3.00,3.00
2260,house,3.00,2.00
2261,house,2.00,2.00
2262,house,3.00,3.50
2263,house,2.00,2.50
2264,house,3.00,2.50
2265,house,4.00,4.00
2266,house,2.00,1.50
2267,house,3.00,2.00
2268,house,3.00,2.50
2269,house,2.00,1.50
2270,house,2.00,1.50
2271,house,4.00,4.00
2272,house,3.00,2.50
2273,house,4.00,3.50
2274,house,2.00,1.00
2275,house,5.00,4.00
2276,house,4.00,3.00
2277,house,2.00,1.00
2278,house,3.00,2.50
2279,house,3.00,1.50
2280,house,3.00,3.00
2281,house,3.00,2.50
2282,house,3.00,2.00
2283,house,2.00,1.00
2284,house,2.00,1.00
2285,house,2.00,2.00
2286,house,3.00,2.00
2287,house,4.00,2.00
2288,house,2.00,1.00
2289,house,3.00,2.00
2290,house,2.00,2.00
2291,house,4.00,3.00
2292,house,2.00,2.00
2293,house,2.00,2.00
2294,house,3.00,2.00
2295,house,1.00,1.00
2296,house,3.00,2.00
2297,house,2.00,2.00
2298,house,3.00,1.50
2299,house,3.00,1.50
2300,house,3.00,2.00
2301,house,2.00,1.00
2302,house,3.00,2.50
2303,house,2.00,1.00
2304,house,3.00,2.00
2305,house,4.00,2.50
2306,house,3.00,1.00
2307,house,3.00,2.50
2308,house,3.00,2.00
2309,house,2.00,1.00
2310,house,3.00,2.00
2311,house,4.00,2.00
2312,house,3.00,2.50
2313,house,3.00,1.00
2314,house,3.00,2.00
2315,house,3.00,2.00
2316,house,4.00,2.50
2317,house,3.00,2.00
2318,house,2.00,1.00
2319,house,3.00,2.00
2320,house,4.00,2.00
2321,house,3.00,3.00
2322,house,3.00,1.50
2323,house,4.00,2.00
2324,house,3.00,2.00
2325,house,2.00,1.00
2326,house,3.00,2.00
2327,house,5.00,3.00
2328,house,4.00,2.00
2329,house,3.00,2.50
2330,house,3.00,2.00
2331,house,4.00,1.00
2332,house,4.00,3.00
2333,house,4.00,2.00
2334,house,4.00,2.00
2335,house,3.00,2.00
2336,house,3.00,2.00
2337,house,3.00,2.50
2338,house,3.00,2.00
2339,house,3.00,1.00
2340,house,2.00,2.00
2341,house,4.00,1.50
2342,house,4.00,2.00
2343,house,3.00,1.00
2344,house,2.00,1.00
2345,house,4.00,2.00
2346,house,2.00,2.00
2347,house,3.00,2.50
2348,house,3.00,2.50
2349,house,5.00,3.00
2350,house,3.00,2.00
2351,house,2.00,1.00
2352,house,2.00,1.00
2353,house,3.00,2.00
2354,house,3.00,2.00
2355,house,3.00,2.00
2356,house,3.00,2.00
2357,house,4.00,3.50
2358,house,4.00,1.00
2359,house,4.00,3.50
2360,house,2.00,1.00
2361,house,2.00,1.50
2362,house,2.00,2.00
2363,house,3.00,2.00
2364,house,3.00,2.00
2365,house,3.00,1.50
2366,house,3.00,1.00
2367,house,3.00,2.00
2368,house,3.00,2.00
2369,house,2.00,2.00
2370,house,2.00,1.00
2371,house,4.00,2.50
2372,house,0.00,â€”
2373,house,4.00,1.00
2374,house,1.00,1.00
2375,house,2.00,1.00
2376,house,2.00,1.00
2377,house,3.00,2.50
2378,house,3.00,2.00
2379,house,2.00,1.00
2380,house,4.00,2.00
2381,house,4.00,2.00
2382,house,2.00,1.50
2383,house,3.00,2.50
2384,house,4.00,2.50
2385,house,3.00,2.00
2386,house,3.00,2.00
2387,house,2.00,1.00
2388,house,4.00,4.00
2389,house,3.00,2.00
2390,house,2.00,1.00
2391,house,3.00,2.00
2392,house,3.00,2.00
2393,house,4.00,4.50
2394,house,10.00,12.50
2395,house,3.00,2.00
2396,house,3.00,2.00
2397,house,3.00,2.00
2398,house,3.00,2.00
2399,house,3.00,3.00
2400,house,3.00,2.50
2401,house,3.00,2.00
2402,house,3.00,1.00
2403,house,4.00,2.00
2404,house,3.00,1.00
2405,house,2.00,1.50
2406,house,3.00,1.50
2407,house,3.00,2.00
2408,house,2.00,1.00
2409,house,4.00,2.50
2410,house,3.00,1.00
2411,house,4.00,3.50
2412,house,4.00,1.50
2413,house,3.00,3.00
2414,house,3.00,3.00
2415,house,3.00,1.50
2416,house,3.00,1.00
2417,house,2.00,2.00
2418,house,2.00,1.00
2419,house,2.00,1.00
2420,house,4.00,2.50
2421,house,3.00,1.00
2422,house,2.00,1.00
2423,house,3.00,2.00
2424,house,3.00,1.00
2425,house,3.00,1.50
2426,house,3.00,2.50
2427,house,3.00,1.00
2428,house,4.00,1.50
2429,house,2.00,1.00
2430,house,3.00,2.50
2431,house,3.00,1.00
2432,house,3.00,1.00
2433,house,4.00,3.50
2434,house,4.00,3.50
2435,house,3.00,2.00
2436,house,2.00,2.00
2437,house,2.00,2.00
2438,house,3.00,2.00
2439,house,3.00,4.00
2440,house,3.00,3.50
2441,house,3.00,1.00
2442,house,2.00,1.00
2443,house,4.00,2.00
2444,house,2.00,1.00
2445,house,5.00,4.50
2446,house,3.00,2.50
2447,house,3.00,1.50
2448,house,3.00,2.50
2449,house,3.00,1.00
2450,house,3.00,1.00
2451,house,3.00,1.00
2452,house,3.00,1.50
2453,house,3.00,2.00
2454,house,3.00,2.00
2455,house,4.00,2.00
2456,house,3.00,1.50
2457,house,3.00,1.50
2458,house,3.00,2.00
2459,house,3.00,1.50
2460,house,3.00,2.50
2461,house,3.00,2.00
2462,house,3.00,4.00
2463,house,3.00,2.00
2464,house,3.00,2.00
2465,house,3.00,2.00
2466,house,3.00,1.50
2467,house,2.00,1.00
2468,house,3.00,1.00
2469,house,3.00,2.00
2470,house,3.00,2.00
2471,house,3.00,1.00
2472,house,6.00,4.50
2473,house,3.00,2.00
2474,house,2.00,1.00
2475,house,3.00,2.00
2476,house,2.00,1.00
2477,house,4.00,1.00
2478,house,3.00,1.00
2479,house,2.00,1.00
2480,house,3.00,2.00
2481,house,2.00,1.00
2482,house,2.00,2.00
2483,house,2.00,1.00
2484,house,4.00,2.00
2485,house,4.00,1.00
2486,house,3.00,1.00
2487,house,4.00,4.00
2488,house,3.00,1.00
2489,house,3.00,1.00
2490,house,4.00,2.00
2491,house,3.00,2.50
2492,house,3.00,2.00
2493,house,4.00,2.00
2494,house,3.00,2.00
2495,house,2.00,1.00
2496,house,3.00,2.00
2497,house,2.00,1.00
2498,house,3.00,2.50
2499,house,2.00,1.00
2500,house,3.00,1.00
2501,house,3.00,2.00
2502,house,3.00,1.50
2503,house,3.00,1.00
2504,house,3.00,1.00
2505,house,3.00,2.00
2506,house,3.00,2.50
2507,house,3.00,1.00
2508,house,3.00,1.00
2509,house,3.00,1.00
2510,house,4.00,2.00
2511,house,3.00,2.00
2512,house,3.00,2.50
2513,house,3.00,2.00
2514,house,3.00,2.50
2515,house,2.00,2.00
2516,house,2.00,1.00
2517,house,5.00,3.00
2518,house,5.00,2.50
2519,house,3.00,1.00
2520,house,2.00,1.00
